1,1,Yes,George,Washington,GWashington@gmail.com,7254808988
2,2,Yes,John,Adams,JAdams@gmail.com,9647082300
3,3,Yes,Thomas,Jefferson,TJefferson@gmail.com,335469055
4,4,Yes,James,Madison,JMadison@gmail.com,3327491000
5,5,Yes,James,Monroe,JMonroe@gmail.com,274131317
6,6,Yes,John,Quincy Adams,JQAdams@gmail.com,8413083114
7,7,Yes,Andrew,Jackson,AJackson@gmail.com,6718249235
8,8,Yes,Martin,Van Buren,MVBuren@gmail.com,2631722541
9,9,Yes,William,Harrison,WHarrison@gmail.com,3489261478
10,10,Yes,John,Tyler,JTyler@gmail.com,9826278341
11,11,Yes,James,K. Polk,JKPolk@gmail.com,2017991199
12,12,Yes,Zachary,Taylor,ZTaylor@gmail.com,6621929613
13,13,Yes,Millard,Fillmore,MFillmore@gmail.com,2795628099
14,14,Yes,Franklin,Pierce,FPierce@gmail.com,7704233339
15,15,Yes,James,Buchanan,JBuchanan@gmail.com,8491586300
16,16,Yes,Abraham,Lincoln,ALincoln@gmail.com,1518293838
17,17,Yes,Andrew,Johnson,AJohnson@gmail.com,9296268040
18,18,Yes,Ulysses,S. Grant,USGrant@gmail.com,5401809732
19,19,Yes,Rutherford,Birchard Hayes,RBHayes@gmail.com,4824502236
20,20,Yes,James,A. Garfield,JAGarfield@gmail.com,5645646347
21,21,Yes,George,Wilson,GWilson@gmail.com,7254808981
22,22,Yes,John,Adele,JAdele@gmail.com,9647082301
23,23,Yes,Thomas,Able,TAble@gmail.com,335469051
24,24,Yes,James,Matsen,JMatsen@gmail.com,3327491001
25,25,Yes,James,Mortar,JMortar@gmail.com,274131311
